start,end,length,symbol,start_date
2024-10-25 03:05:00,2024-10-25 04:15:00,61,BTC,2024-10-25
2024-10-25 04:25:00,2024-10-26 10:45:00,56,BTC,2024-10-25
2024-10-26 20:20:00,2024-10-26 20:20:00,10,BTC,2024-10-26
2024-10-27 00:05:00,2024-10-27 00:05:00,8,BTC,2024-10-27
2024-10-27 00:10:00,2024-10-27 07:15:00,84,BTC,2024-10-27
2024-10-27 07:15:00,2024-10-27 07:15:00,6,BTC,2024-10-27
2024-10-31 06:35:00,2024-10-31 06:35:00,7,BTC,2024-10-31
2024-10-31 06:35:00,2024-11-02 08:05:00,60,BTC,2024-10-31
2024-11-02 19:50:00,2024-11-02 19:50:00,5,BTC,2024-11-02
2024-11-07 10:05:00,2024-11-07 11:55:00,10,BTC,2024-11-07
2024-11-07 12:45:00,2024-11-09 02:25:00,48,BTC,2024-11-07
2024-11-09 05:40:00,2024-11-09 05:45:00,16,BTC,2024-11-09
2024-11-09 05:45:00,2024-11-09 05:45:00,5,BTC,2024-11-09
2024-11-09 08:20:00,2024-11-09 08:20:00,6,BTC,2024-11-09
2024-11-09 08:25:00,2024-11-09 08:45:00,11,BTC,2024-11-09
2024-11-09 11:30:00,2024-11-09 13:00:00,23,BTC,2024-11-09
2024-11-09 13:00:00,2024-11-09 13:00:00,6,BTC,2024-11-09
2024-11-09 13:00:00,2024-11-09 13:00:00,5,BTC,2024-11-09
2024-11-14 06:10:00,2024-11-15 04:20:00,20,BTC,2024-11-14
2024-11-15 04:25:00,2024-11-15 07:00:00,9,BTC,2024-11-15
2024-11-15 11:55:00,2024-11-15 12:00:00,5,BTC,2024-11-15
2024-11-15 12:00:00,2024-11-15 12:00:00,6,BTC,2024-11-15
2024-11-15 12:00:00,2024-11-16 07:45:00,66,BTC,2024-11-15
2024-11-16 07:45:00,2024-11-16 07:45:00,6,BTC,2024-11-16
2024-11-16 07:45:00,2024-11-16 10:35:00,24,BTC,2024-11-16
2024-11-17 00:25:00,2024-11-17 00:25:00,10,BTC,2024-11-17
2024-11-20 08:45:00,2024-11-20 08:50:00,8,BTC,2024-11-20
2024-11-22 09:15:00,2024-11-22 09:30:00,5,BTC,2024-11-22
2024-11-23 01:25:00,2024-11-23 07:40:00,90,BTC,2024-11-23
2024-11-23 08:30:00,2024-11-23 09:20:00,8,BTC,2024-11-23
2024-11-23 12:15:00,2024-11-23 12:40:00,7,BTC,2024-11-23
2024-11-27 10:35:00,2024-11-27 10:35:00,7,BTC,2024-11-27
2024-11-27 10:40:00,2024-11-27 10:40:00,10,BTC,2024-11-27
2024-11-27 10:40:00,2024-11-27 10:45:00,13,BTC,2024-11-27
2024-11-27 12:10:00,2024-11-28 18:45:00,18,BTC,2024-11-27
2024-11-28 18:45:00,2024-11-28 20:45:00,101,BTC,2024-11-28
2024-11-29 04:25:00,2024-11-29 04:25:00,6,BTC,2024-11-29
2024-11-29 04:35:00,2024-11-29 04:35:00,6,BTC,2024-11-29
2024-11-29 22:35:00,2024-11-29 22:40:00,30,BTC,2024-11-29
2024-11-30 05:20:00,2024-11-30 05:20:00,8,BTC,2024-11-30
2024-11-30 05:20:00,2024-11-30 05:55:00,29,BTC,2024-11-30
2024-11-30 18:55:00,2024-11-30 19:45:00,35,BTC,2024-11-30
2024-12-07 07:30:00,2024-12-07 07:35:00,13,BTC,2024-12-07
2024-12-07 07:35:00,2024-12-07 13:10:00,81,BTC,2024-12-07
2024-12-07 13:15:00,2024-12-07 13:15:00,7,BTC,2024-12-07
2024-12-08 07:25:00,2024-12-08 07:30:00,30,BTC,2024-12-08
2024-12-08 23:00:00,2024-12-11 11:20:00,8,BTC,2024-12-08
2024-12-12 00:30:00,2024-12-13 03:50:00,44,BTC,2024-12-12
2024-12-13 04:35:00,2024-12-13 04:35:00,6,BTC,2024-12-13
2024-12-13 04:40:00,2024-12-13 06:40:00,33,BTC,2024-12-13
2024-12-13 06:40:00,2024-12-13 06:40:00,5,BTC,2024-12-13
2024-12-13 06:40:00,2024-12-14 07:30:00,18,BTC,2024-12-13
2024-12-14 07:30:00,2024-12-14 11:35:00,31,BTC,2024-12-14
2024-12-15 03:35:00,2024-12-15 03:35:00,10,BTC,2024-12-15
2024-12-21 05:45:00,2024-12-22 06:50:00,16,BTC,2024-12-21
2024-12-22 12:15:00,2024-12-24 08:05:00,12,BTC,2024-12-22
2024-12-25 04:45:00,2024-12-25 06:20:00,7,BTC,2024-12-25
2024-12-27 05:25:00,2024-12-28 09:20:00,66,BTC,2024-12-27
2024-12-28 09:25:00,2024-12-29 08:00:00,46,BTC,2024-12-28
2024-12-29 09:15:00,2024-12-29 09:15:00,9,BTC,2024-12-29
2025-01-03 12:15:00,2025-01-04 00:40:00,5,BTC,2025-01-03
2025-01-04 00:40:00,2025-01-05 04:05:00,60,BTC,2025-01-04
2025-01-05 08:00:00,2025-01-05 08:00:00,20,BTC,2025-01-05
2025-01-10 10:55:00,2025-01-11 01:45:00,29,BTC,2025-01-10
2025-01-11 03:25:00,2025-01-11 03:25:00,5,BTC,2025-01-11
2025-01-11 04:30:00,2025-01-11 07:30:00,65,BTC,2025-01-11
2025-01-11 14:15:00,2025-01-11 14:15:00,5,BTC,2025-01-11
2025-01-12 06:50:00,2025-01-17 12:20:00,12,BTC,2025-01-12
2025-01-18 23:05:00,2025-01-22 04:40:00,43,BTC,2025-01-18
2025-01-22 04:45:00,2025-01-24 11:20:00,16,BTC,2025-01-22
2025-01-24 11:20:00,2025-01-24 11:20:00,7,BTC,2025-01-24
2025-01-24 13:05:00,2025-01-25 00:55:00,6,BTC,2025-01-24
2025-01-25 03:35:00,2025-01-25 05:15:00,15,BTC,2025-01-25
2025-01-25 05:15:00,2025-01-25 11:50:00,10,BTC,2025-01-25
2025-01-25 11:55:00,2025-01-25 11:55:00,5,BTC,2025-01-25
2025-01-25 12:55:00,2025-01-25 12:55:00,5,BTC,2025-01-25
2025-01-26 00:00:00,2025-01-26 00:30:00,17,BTC,2025-01-26
2025-01-26 06:40:00,2025-01-26 06:40:00,5,BTC,2025-01-26
2025-01-26 06:45:00,2025-01-30 12:20:00,34,BTC,2025-01-26
2025-01-30 12:20:00,2025-01-31 06:35:00,29,BTC,2025-01-30
2025-01-31 06:50:00,2025-01-31 07:25:00,15,BTC,2025-01-31
2025-02-01 03:40:00,2025-02-01 04:10:00,6,BTC,2025-02-01
2025-02-01 04:10:00,2025-02-01 04:10:00,5,BTC,2025-02-01
2025-02-01 04:10:00,2025-02-01 05:40:00,23,BTC,2025-02-01
2025-02-05 06:40:00,2025-02-05 07:25:00,11,BTC,2025-02-05
2025-02-06 04:20:00,2025-02-06 04:20:00,5,BTC,2025-02-06
2025-02-06 08:35:00,2025-02-06 08:35:00,10,BTC,2025-02-06
2025-02-07 12:00:00,2025-02-07 12:00:00,5,BTC,2025-02-07
2025-02-08 03:05:00,2025-02-08 03:15:00,30,BTC,2025-02-08
2025-02-08 05:10:00,2025-02-12 10:50:00,45,BTC,2025-02-08
2025-02-12 10:55:00,2025-02-14 07:10:00,48,BTC,2025-02-12
2025-02-14 07:15:00,2025-02-14 09:40:00,37,BTC,2025-02-14
2025-02-14 09:40:00,2025-02-14 09:40:00,9,BTC,2025-02-14
2025-02-14 09:40:00,2025-02-15 06:25:00,34,BTC,2025-02-14
2025-02-15 07:20:00,2025-02-15 09:05:00,29,BTC,2025-02-15
2025-02-15 19:10:00,2025-02-16 05:50:00,80,BTC,2025-02-15
2025-02-16 07:55:00,2025-02-20 07:35:00,18,BTC,2025-02-16
2025-02-20 07:35:00,2025-02-20 07:35:00,5,BTC,2025-02-20
2025-02-20 10:55:00,2025-02-21 05:35:00,51,BTC,2025-02-20
2025-02-21 07:10:00,2025-02-22 08:00:00,46,BTC,2025-02-21
2025-02-22 12:10:00,2025-02-23 05:10:00,52,BTC,2025-02-22
2025-02-23 05:15:00,2025-02-23 05:15:00,7,BTC,2025-02-23
2025-02-23 05:15:00,2025-02-23 05:15:00,5,BTC,2025-02-23
2025-03-01 07:40:00,2025-03-01 09:20:00,100,BTC,2025-03-01
2025-03-05 23:45:00,2025-03-06 06:00:00,29,BTC,2025-03-05
2025-03-06 08:00:00,2025-03-06 08:00:00,6,BTC,2025-03-06
2025-03-08 06:10:00,2025-03-09 06:05:00,93,BTC,2025-03-08
2025-03-12 04:45:00,2025-03-12 04:45:00,5,BTC,2025-03-12
2025-03-12 22:55:00,2025-03-12 23:55:00,23,BTC,2025-03-12
2025-03-13 04:30:00,2025-03-13 05:45:00,8,BTC,2025-03-13
2025-03-13 06:10:00,2025-03-14 00:10:00,65,BTC,2025-03-13
2025-03-14 05:45:00,2025-03-14 05:45:00,5,BTC,2025-03-14
2025-03-14 05:55:00,2025-03-14 05:55:00,8,BTC,2025-03-14
2025-03-14 05:55:00,2025-03-15 01:20:00,71,BTC,2025-03-14
2025-03-15 07:25:00,2025-03-15 20:10:00,37,BTC,2025-03-15
2025-03-16 06:55:00,2025-03-16 07:00:00,8,BTC,2025-03-16
2025-03-21 04:35:00,2025-03-21 04:50:00,30,BTC,2025-03-21
2025-03-21 22:40:00,2025-03-22 01:40:00,110,BTC,2025-03-21
2025-03-22 03:55:00,2025-03-22 03:55:00,6,BTC,2025-03-22
2025-03-22 03:55:00,2025-03-22 08:30:00,87,BTC,2025-03-22
2025-03-22 17:45:00,2025-03-22 17:50:00,30,BTC,2025-03-22
2025-03-23 07:45:00,2025-03-26 09:20:00,5,BTC,2025-03-23
2025-03-26 10:20:00,2025-03-27 05:20:00,5,BTC,2025-03-26
2025-03-27 05:50:00,2025-03-27 05:50:00,6,BTC,2025-03-27
2025-03-27 05:55:00,2025-03-27 05:55:00,7,BTC,2025-03-27
2025-03-29 05:30:00,2025-03-29 05:30:00,7,BTC,2025-03-29
2025-03-30 05:50:00,2025-03-30 10:10:00,130,BTC,2025-03-30
2025-04-05 06:35:00,2025-04-05 10:00:00,79,BTC,2025-04-05
2025-04-06 02:50:00,2025-04-06 02:50:00,5,BTC,2025-04-06
2025-04-06 02:50:00,2025-04-06 02:50:00,6,BTC,2025-04-06
2025-04-06 02:50:00,2025-04-06 02:55:00,5,BTC,2025-04-06
2025-04-06 02:55:00,2025-04-06 03:05:00,9,BTC,2025-04-06
2025-04-06 03:05:00,2025-04-06 03:05:00,5,BTC,2025-04-06
2025-04-06 03:05:00,2025-04-06 03:40:00,8,BTC,2025-04-06
2025-04-06 04:55:00,2025-04-06 05:00:00,40,BTC,2025-04-06
2025-04-10 03:05:00,2025-04-10 03:15:00,21,BTC,2025-04-10
2025-04-10 05:00:00,2025-04-10 05:10:00,5,BTC,2025-04-10
2025-04-10 05:10:00,2025-04-10 05:25:00,12,BTC,2025-04-10
2025-04-10 06:45:00,2025-04-10 06:45:00,8,BTC,2025-04-10
2025-04-10 23:15:00,2025-04-10 23:30:00,6,BTC,2025-04-10
2025-04-11 22:35:00,2025-04-12 01:20:00,62,BTC,2025-04-11
2025-04-12 01:20:00,2025-04-12 10:45:00,21,BTC,2025-04-12
2025-04-15 06:55:00,2025-04-16 04:20:00,65,BTC,2025-04-15
2025-04-17 09:05:00,2025-04-18 00:50:00,17,BTC,2025-04-17
2025-04-18 04:10:00,2025-04-18 12:05:00,116,BTC,2025-04-18
2025-04-18 12:05:00,2025-04-18 12:05:00,7,BTC,2025-04-18
2025-04-18 12:05:00,2025-04-20 03:20:00,19,BTC,2025-04-18
2025-04-20 03:45:00,2025-04-20 03:50:00,6,BTC,2025-04-20
2025-04-24 13:35:00,2025-04-24 22:35:00,31,BTC,2025-04-24
2025-04-24 22:35:00,2025-04-24 23:30:00,16,BTC,2025-04-24
2025-04-26 00:45:00,2025-04-26 04:20:00,6,BTC,2025-04-26
2025-04-26 04:30:00,2025-04-26 04:30:00,7,BTC,2025-04-26
2025-04-26 04:35:00,2025-04-26 04:35:00,5,BTC,2025-04-26
2025-04-26 04:35:00,2025-04-26 04:35:00,7,BTC,2025-04-26
2025-04-26 05:00:00,2025-04-26 05:00:00,5,BTC,2025-04-26
2025-04-26 05:15:00,2025-04-26 08:00:00,42,BTC,2025-04-26
2025-04-26 18:55:00,2025-04-26 21:00:00,30,BTC,2025-04-26
2025-04-27 12:15:00,2025-04-27 21:15:00,21,BTC,2025-04-27
2025-04-27 21:40:00,2025-04-27 21:40:00,5,BTC,2025-04-27
2025-04-30 07:35:00,2025-04-30 07:40:00,5,BTC,2025-04-30
2025-04-30 09:35:00,2025-04-30 11:30:00,16,BTC,2025-04-30
2025-05-01 06:50:00,2025-05-01 06:50:00,10,BTC,2025-05-01
2025-05-02 05:55:00,2025-05-02 06:05:00,11,BTC,2025-05-02
2025-05-02 11:25:00,2025-05-02 11:25:00,6,BTC,2025-05-02
2025-05-02 12:15:00,2025-05-02 23:35:00,17,BTC,2025-05-02
2025-05-02 23:35:00,2025-05-03 01:10:00,9,BTC,2025-05-02
2025-05-03 01:20:00,2025-05-03 01:20:00,5,BTC,2025-05-03
2025-05-03 01:20:00,2025-05-03 03:20:00,5,BTC,2025-05-03
2025-05-03 03:20:00,2025-05-03 03:20:00,7,BTC,2025-05-03
2025-05-03 03:20:00,2025-05-03 03:20:00,6,BTC,2025-05-03
2025-05-03 03:25:00,2025-05-03 03:25:00,9,BTC,2025-05-03
2025-05-03 03:40:00,2025-05-03 03:40:00,6,BTC,2025-05-03
2025-05-03 03:40:00,2025-05-03 03:40:00,6,BTC,2025-05-03
2025-05-03 13:30:00,2025-05-03 14:00:00,11,BTC,2025-05-03
2025-05-03 19:35:00,2025-05-03 19:35:00,11,BTC,2025-05-03
2025-05-03 19:35:00,2025-05-03 21:30:00,51,BTC,2025-05-03
2025-05-03 23:25:00,2025-05-10 00:05:00,46,BTC,2025-05-03
2025-05-10 01:35:00,2025-05-10 01:35:00,5,BTC,2025-05-10
2025-05-10 01:35:00,2025-05-10 01:35:00,5,BTC,2025-05-10
2025-05-13 11:35:00,2025-05-14 07:15:00,73,BTC,2025-05-13
2025-05-14 07:15:00,2025-05-15 00:15:00,27,BTC,2025-05-14
2025-05-16 07:55:00,2025-05-16 08:00:00,5,BTC,2025-05-16
2025-05-17 05:05:00,2025-05-17 05:50:00,13,BTC,2025-05-17
2025-05-17 05:55:00,2025-05-17 05:55:00,5,BTC,2025-05-17
2025-05-17 06:00:00,2025-05-17 20:35:00,19,BTC,2025-05-17
2025-05-17 20:35:00,2025-05-17 20:35:00,6,BTC,2025-05-17
2025-05-17 20:35:00,2025-05-17 20:45:00,7,BTC,2025-05-17
2025-05-17 20:45:00,2025-05-17 20:45:00,8,BTC,2025-05-17
2025-05-17 20:45:00,2025-05-17 20:55:00,9,BTC,2025-05-17
2025-05-18 02:55:00,2025-05-18 02:55:00,8,BTC,2025-05-18
2025-05-18 02:55:00,2025-05-18 02:55:00,5,BTC,2025-05-18
2025-05-18 02:55:00,2025-05-18 03:00:00,10,BTC,2025-05-18
2025-05-18 03:00:00,2025-05-18 03:05:00,8,BTC,2025-05-18
2025-05-22 23:50:00,2025-05-23 00:00:00,24,BTC,2025-05-22
2025-05-23 04:20:00,2025-05-23 04:20:00,6,BTC,2025-05-23
2025-05-23 04:20:00,2025-05-23 04:25:00,5,BTC,2025-05-23
2025-05-23 09:20:00,2025-05-23 09:55:00,7,BTC,2025-05-23
2025-05-24 20:35:00,2025-05-24 20:40:00,40,BTC,2025-05-24
2025-05-25 20:00:00,2025-05-27 11:40:00,16,BTC,2025-05-25
2025-05-28 12:20:00,2025-05-28 12:20:00,10,BTC,2025-05-28
2025-05-31 08:15:00,2025-05-31 08:20:00,7,BTC,2025-05-31
2025-05-31 09:40:00,2025-05-31 23:00:00,103,BTC,2025-05-31
2025-06-01 06:15:00,2025-06-01 06:15:00,5,BTC,2025-06-01
2025-06-03 11:05:00,2025-06-03 11:05:00,6,BTC,2025-06-03
2025-06-04 06:10:00,2025-06-05 05:30:00,46,BTC,2025-06-04
2025-06-05 09:05:00,2025-06-05 09:05:00,5,BTC,2025-06-05
2025-06-05 09:10:00,2025-06-05 09:20:00,6,BTC,2025-06-05
2025-06-07 05:45:00,2025-06-07 05:45:00,5,BTC,2025-06-07
2025-06-07 05:45:00,2025-06-07 05:45:00,6,BTC,2025-06-07
2025-06-07 20:20:00,2025-06-07 21:50:00,6,BTC,2025-06-07
2025-06-07 21:50:00,2025-06-07 22:35:00,9,BTC,2025-06-07
2025-06-08 06:00:00,2025-06-08 07:45:00,7,BTC,2025-06-08
2025-06-08 09:00:00,2025-06-08 20:55:00,7,BTC,2025-06-08
2025-06-08 21:00:00,2025-06-14 03:20:00,9,BTC,2025-06-08
2025-06-14 03:50:00,2025-06-14 03:50:00,5,BTC,2025-06-14
2025-06-14 07:05:00,2025-06-15 05:30:00,93,BTC,2025-06-14
2025-06-15 05:30:00,2025-06-19 08:15:00,16,BTC,2025-06-15
2025-06-19 08:50:00,2025-06-19 10:30:00,6,BTC,2025-06-19
2025-06-20 04:25:00,2025-06-20 04:25:00,11,BTC,2025-06-20
2025-06-20 04:40:00,2025-06-20 04:55:00,45,BTC,2025-06-20
2025-06-21 03:05:00,2025-06-21 03:05:00,8,BTC,2025-06-21
2025-06-21 03:05:00,2025-06-21 06:55:00,116,BTC,2025-06-21
2025-06-21 08:55:00,2025-06-25 00:00:00,11,BTC,2025-06-21
2025-06-25 00:10:00,2025-06-25 07:25:00,67,BTC,2025-06-25
2025-06-25 22:35:00,2025-06-25 22:50:00,6,BTC,2025-06-25
2025-06-25 22:50:00,2025-06-26 07:05:00,86,BTC,2025-06-25
2025-06-26 07:05:00,2025-06-26 07:05:00,6,BTC,2025-06-26
2025-06-26 07:05:00,2025-06-26 11:45:00,40,BTC,2025-06-26
2025-06-26 11:45:00,2025-06-27 03:05:00,5,BTC,2025-06-26
2025-06-27 03:05:00,2025-06-27 05:30:00,54,BTC,2025-06-27
2025-06-27 05:35:00,2025-06-27 05:35:00,6,BTC,2025-06-27
2025-06-27 06:00:00,2025-06-27 06:00:00,15,BTC,2025-06-27
2025-06-27 06:10:00,2025-06-27 23:25:00,7,BTC,2025-06-27
2025-06-27 23:25:00,2025-06-28 00:15:00,60,BTC,2025-06-27
2025-06-28 03:55:00,2025-06-28 06:05:00,36,BTC,2025-06-28
2025-06-28 06:20:00,2025-06-28 06:20:00,5,BTC,2025-06-28
2025-06-28 06:20:00,2025-06-28 06:30:00,25,BTC,2025-06-28
2025-06-28 06:30:00,2025-06-28 08:00:00,24,BTC,2025-06-28
2025-06-28 09:20:00,2025-06-29 00:10:00,6,BTC,2025-06-28
2025-07-04 00:25:00,2025-07-04 00:25:00,5,BTC,2025-07-04
2025-07-04 04:50:00,2025-07-04 04:50:00,5,BTC,2025-07-04
2025-07-05 00:55:00,2025-07-05 07:40:00,46,BTC,2025-07-05
2025-07-05 07:40:00,2025-07-05 07:45:00,22,BTC,2025-07-05
2025-07-05 07:55:00,2025-07-05 15:40:00,48,BTC,2025-07-05
2025-07-05 15:45:00,2025-07-05 15:45:00,5,BTC,2025-07-05
2025-07-05 15:45:00,2025-07-05 15:45:00,7,BTC,2025-07-05
2025-07-05 16:10:00,2025-07-06 01:30:00,67,BTC,2025-07-05
2025-07-06 04:30:00,2025-07-06 04:30:00,6,BTC,2025-07-06
2025-07-06 04:30:00,2025-07-06 04:30:00,5,BTC,2025-07-06
2025-07-06 06:15:00,2025-07-06 06:15:00,5,BTC,2025-07-06
2025-07-06 08:20:00,2025-07-06 08:20:00,5,BTC,2025-07-06
2025-07-09 03:40:00,2025-07-09 03:55:00,15,BTC,2025-07-09
2025-07-12 19:10:00,2025-07-13 04:40:00,12,BTC,2025-07-12
2025-07-13 04:40:00,2025-07-13 04:55:00,13,BTC,2025-07-13
2025-07-13 04:55:00,2025-07-13 05:05:00,7,BTC,2025-07-13
2025-07-13 05:05:00,2025-07-13 05:05:00,8,BTC,2025-07-13
2025-07-13 05:05:00,2025-07-13 05:10:00,10,BTC,2025-07-13
2025-07-13 05:10:00,2025-07-13 05:10:00,12,BTC,2025-07-13
2025-07-13 06:40:00,2025-07-13 06:40:00,5,BTC,2025-07-13
2025-07-13 07:25:00,2025-07-13 07:30:00,5,BTC,2025-07-13
2025-07-13 07:30:00,2025-07-13 07:30:00,5,BTC,2025-07-13
2025-07-13 07:30:00,2025-07-13 07:30:00,5,BTC,2025-07-13
2025-07-13 07:30:00,2025-07-13 07:35:00,7,BTC,2025-07-13
2025-07-13 07:35:00,2025-07-13 07:35:00,6,BTC,2025-07-13
2025-07-13 07:35:00,2025-07-13 08:50:00,40,BTC,2025-07-13
2025-07-16 08:35:00,2025-07-17 11:35:00,10,BTC,2025-07-16
2025-07-17 12:00:00,2025-07-19 01:05:00,11,BTC,2025-07-17
2025-07-19 03:40:00,2025-07-19 09:50:00,101,BTC,2025-07-19
2025-07-19 10:40:00,2025-07-20 07:25:00,43,BTC,2025-07-19
2025-07-20 07:25:00,2025-07-20 07:25:00,6,BTC,2025-07-20
2025-07-20 07:25:00,2025-07-20 07:25:00,7,BTC,2025-07-20
2025-07-20 07:30:00,2025-07-20 07:30:00,6,BTC,2025-07-20
2025-07-23 11:00:00,2025-07-24 03:30:00,25,BTC,2025-07-23
2025-07-25 23:20:00,2025-07-26 08:00:00,177,BTC,2025-07-25
2025-07-26 19:40:00,2025-07-27 06:45:00,45,BTC,2025-07-26
2025-07-30 06:30:00,2025-07-31 03:55:00,6,BTC,2025-07-30
2025-07-31 05:15:00,2025-07-31 05:15:00,7,BTC,2025-07-31
2025-07-31 05:15:00,2025-07-31 06:45:00,39,BTC,2025-07-31
2025-07-31 09:25:00,2025-07-31 09:25:00,5,BTC,2025-07-31
2025-08-03 08:05:00,2025-08-03 08:05:00,6,BTC,2025-08-03
2025-08-03 08:10:00,2025-08-03 08:20:00,23,BTC,2025-08-03
2025-08-03 08:20:00,2025-08-03 08:20:00,6,BTC,2025-08-03
2025-08-03 11:00:00,2025-08-07 00:05:00,19,BTC,2025-08-03
2025-08-07 00:05:00,2025-08-07 00:05:00,5,BTC,2025-08-07
2025-08-07 00:10:00,2025-08-07 00:10:00,6,BTC,2025-08-07
2025-08-07 00:10:00,2025-08-07 00:25:00,5,BTC,2025-08-07
2025-08-07 01:25:00,2025-08-07 04:50:00,15,BTC,2025-08-07
2025-08-08 05:35:00,2025-08-08 23:35:00,69,BTC,2025-08-08
2025-08-08 23:35:00,2025-08-08 23:35:00,5,BTC,2025-08-08
2025-08-08 23:35:00,2025-08-08 23:40:00,6,BTC,2025-08-08
2025-08-09 01:00:00,2025-08-09 01:00:00,6,BTC,2025-08-09
2025-08-09 01:20:00,2025-08-09 01:25:00,12,BTC,2025-08-09
2025-08-09 01:25:00,2025-08-09 02:10:00,7,BTC,2025-08-09
2025-08-09 02:10:00,2025-08-09 02:10:00,5,BTC,2025-08-09
2025-08-09 02:15:00,2025-08-09 02:40:00,7,BTC,2025-08-09
2025-08-09 02:40:00,2025-08-09 03:10:00,26,BTC,2025-08-09
2025-08-09 03:10:00,2025-08-09 17:50:00,7,BTC,2025-08-09
2025-08-09 17:50:00,2025-08-09 18:45:00,17,BTC,2025-08-09
2025-08-09 18:50:00,2025-08-09 18:50:00,6,BTC,2025-08-09
2025-08-15 04:15:00,2025-08-15 12:25:00,26,BTC,2025-08-15
2025-08-15 22:05:00,2025-08-15 22:25:00,12,BTC,2025-08-15
2025-08-15 22:35:00,2025-08-16 06:15:00,69,BTC,2025-08-15
2025-08-16 06:40:00,2025-08-16 09:10:00,20,BTC,2025-08-16
2025-08-22 11:35:00,2025-08-23 05:40:00,30,BTC,2025-08-22
2025-08-23 06:45:00,2025-08-23 06:45:00,11,BTC,2025-08-23
2025-08-23 06:45:00,2025-08-23 06:50:00,5,BTC,2025-08-23
2025-08-23 06:55:00,2025-08-23 06:55:00,9,BTC,2025-08-23
2025-08-23 07:05:00,2025-08-23 08:30:00,7,BTC,2025-08-23
2025-08-23 09:25:00,2025-08-23 09:25:00,5,BTC,2025-08-23
2025-08-23 09:25:00,2025-08-23 09:25:00,7,BTC,2025-08-23
2025-08-23 20:25:00,2025-08-23 20:30:00,40,BTC,2025-08-23
2025-08-23 22:55:00,2025-08-23 23:05:00,19,BTC,2025-08-23
2025-08-23 23:05:00,2025-08-24 00:00:00,28,BTC,2025-08-23
2025-08-27 11:50:00,2025-08-27 11:50:00,5,BTC,2025-08-27
2025-08-27 11:50:00,2025-08-28 09:20:00,5,BTC,2025-08-27
2025-08-28 09:20:00,2025-08-28 09:20:00,7,BTC,2025-08-28
2025-08-28 09:45:00,2025-08-29 00:00:00,85,BTC,2025-08-28
2025-08-30 08:00:00,2025-08-30 22:10:00,82,BTC,2025-08-30
2025-09-03 23:35:00,2025-09-04 10:10:00,9,BTC,2025-09-03
2025-09-06 02:25:00,2025-09-06 08:05:00,38,BTC,2025-09-06
2025-09-06 08:05:00,2025-09-06 08:05:00,8,BTC,2025-09-06
2025-09-06 08:05:00,2025-09-06 08:55:00,57,BTC,2025-09-06
2025-09-07 06:40:00,2025-09-07 06:40:00,10,BTC,2025-09-07
2025-09-11 09:15:00,2025-09-11 09:15:00,5,BTC,2025-09-11
2025-09-11 09:15:00,2025-09-11 09:45:00,25,BTC,2025-09-11
2025-09-12 07:30:00,2025-09-13 04:25:00,51,BTC,2025-09-12
2025-09-13 04:30:00,2025-09-13 07:15:00,43,BTC,2025-09-13
2025-09-13 08:35:00,2025-09-13 08:45:00,31,BTC,2025-09-13
2025-09-13 12:20:00,2025-09-13 23:25:00,27,BTC,2025-09-13
2025-09-13 23:25:00,2025-09-13 23:25:00,5,BTC,2025-09-13
2025-09-13 23:25:00,2025-09-14 08:30:00,7,BTC,2025-09-13
2025-09-17 12:10:00,2025-09-18 11:55:00,11,BTC,2025-09-17
2025-09-18 22:55:00,2025-09-19 06:35:00,7,BTC,2025-09-18
2025-09-19 08:10:00,2025-09-19 08:10:00,5,BTC,2025-09-19
2025-09-19 11:30:00,2025-09-19 11:45:00,5,BTC,2025-09-19
2025-09-19 11:50:00,2025-09-19 11:50:00,6,BTC,2025-09-19
2025-09-19 22:10:00,2025-09-19 22:15:00,11,BTC,2025-09-19
2025-09-19 22:15:00,2025-09-19 22:15:00,5,BTC,2025-09-19
2025-09-19 22:15:00,2025-09-20 03:55:00,102,BTC,2025-09-19
2025-09-20 07:35:00,2025-09-20 13:50:00,16,BTC,2025-09-20
2025-09-20 20:20:00,2025-09-20 20:20:00,5,BTC,2025-09-20
2025-09-21 01:45:00,2025-09-21 04:35:00,42,BTC,2025-09-21
2025-09-21 04:35:00,2025-09-21 05:00:00,68,BTC,2025-09-21
2025-09-26 23:35:00,2025-09-26 23:40:00,20,BTC,2025-09-26
2025-09-27 01:25:00,2025-09-27 02:25:00,7,BTC,2025-09-27
2025-09-27 03:30:00,2025-09-27 03:35:00,30,BTC,2025-09-27
2025-09-27 14:45:00,2025-09-27 14:50:00,35,BTC,2025-09-27
2025-09-27 19:00:00,2025-09-27 19:00:00,6,BTC,2025-09-27
2025-09-27 19:25:00,2025-09-27 19:25:00,5,BTC,2025-09-27
2025-09-27 19:25:00,2025-09-27 20:20:00,22,BTC,2025-09-27
2024-10-26 09:20:00,2024-10-26 11:25:00,75,ETH,2024-10-26
2024-11-02 00:15:00,2024-11-02 02:30:00,20,ETH,2024-11-02
2024-11-02 22:10:00,2024-11-08 09:45:00,18,ETH,2024-11-02
2024-11-08 10:55:00,2024-11-09 04:40:00,12,ETH,2024-11-08
2024-11-09 13:00:00,2024-11-14 06:45:00,22,ETH,2024-11-09
2024-11-14 06:50:00,2024-11-14 06:55:00,5,ETH,2024-11-14
2024-11-14 13:05:00,2024-11-16 00:30:00,95,ETH,2024-11-14
2024-11-16 06:55:00,2024-11-16 06:55:00,15,ETH,2024-11-16
2024-11-16 07:00:00,2024-11-16 07:00:00,6,ETH,2024-11-16
2024-11-16 07:45:00,2024-11-16 07:45:00,20,ETH,2024-11-16
2024-11-16 22:30:00,2024-11-18 05:30:00,21,ETH,2024-11-16
2024-11-20 05:20:00,2024-11-20 05:25:00,12,ETH,2024-11-20
2024-11-20 05:25:00,2024-11-20 07:05:00,15,ETH,2024-11-20
2024-11-20 11:00:00,2024-11-20 11:00:00,5,ETH,2024-11-20
2024-11-20 11:00:00,2024-11-23 07:35:00,12,ETH,2024-11-20
2024-11-23 12:30:00,2024-11-24 01:55:00,5,ETH,2024-11-23
2024-11-24 04:35:00,2024-11-24 04:35:00,7,ETH,2024-11-24
2024-11-24 22:00:00,2024-11-24 22:00:00,5,ETH,2024-11-24
2024-11-24 22:00:00,2024-11-29 05:15:00,171,ETH,2024-11-24
2024-11-29 20:30:00,2024-11-29 22:35:00,13,ETH,2024-11-29
2024-11-29 22:35:00,2024-11-30 00:10:00,7,ETH,2024-11-29
2024-12-01 09:25:00,2024-12-01 09:25:00,5,ETH,2024-12-01
2024-12-01 10:35:00,2024-12-07 07:05:00,35,ETH,2024-12-01
2024-12-07 14:05:00,2024-12-07 14:05:00,10,ETH,2024-12-07
2024-12-08 22:35:00,2024-12-08 22:40:00,6,ETH,2024-12-08
2024-12-08 22:40:00,2024-12-12 09:25:00,33,ETH,2024-12-08
2024-12-13 13:00:00,2024-12-14 00:25:00,53,ETH,2024-12-13
2024-12-14 06:05:00,2024-12-14 06:10:00,19,ETH,2024-12-14
2024-12-14 06:10:00,2024-12-15 03:35:00,19,ETH,2024-12-14
2024-12-15 20:55:00,2024-12-15 21:00:00,5,ETH,2024-12-15
2024-12-15 21:00:00,2024-12-18 12:15:00,18,ETH,2024-12-15
2024-12-21 03:45:00,2024-12-21 04:45:00,6,ETH,2024-12-21
2024-12-22 08:10:00,2024-12-22 09:45:00,11,ETH,2024-12-22
2024-12-23 10:15:00,2024-12-24 06:55:00,55,ETH,2024-12-23
2024-12-24 23:25:00,2024-12-25 06:20:00,36,ETH,2024-12-24
2024-12-25 06:20:00,2024-12-28 03:45:00,35,ETH,2024-12-25
2024-12-28 03:45:00,2024-12-28 03:45:00,7,ETH,2024-12-28
2024-12-28 06:30:00,2024-12-28 11:55:00,11,ETH,2024-12-28
2024-12-28 11:55:00,2024-12-29 06:10:00,17,ETH,2024-12-28
2024-12-29 06:55:00,2024-12-29 09:15:00,10,ETH,2024-12-29
2024-12-29 09:15:00,2024-12-29 09:20:00,7,ETH,2024-12-29
2025-01-01 05:00:00,2025-01-03 05:05:00,8,ETH,2025-01-01
2025-01-04 04:30:00,2025-01-04 04:35:00,20,ETH,2025-01-04
2025-01-04 06:15:00,2025-01-04 08:00:00,7,ETH,2025-01-04
2025-01-05 03:45:00,2025-01-05 04:30:00,15,ETH,2025-01-05
2025-01-05 08:05:00,2025-01-07 08:20:00,7,ETH,2025-01-05
2025-01-07 08:20:00,2025-01-10 22:45:00,17,ETH,2025-01-07
2025-01-11 06:00:00,2025-01-11 06:05:00,40,ETH,2025-01-11
2025-01-12 01:25:00,2025-01-12 01:25:00,7,ETH,2025-01-12
2025-01-12 01:25:00,2025-01-12 01:30:00,6,ETH,2025-01-12
2025-01-12 01:55:00,2025-01-12 05:40:00,41,ETH,2025-01-12
2025-01-21 14:20:00,2025-01-21 20:35:00,19,ETH,2025-01-21
2025-01-21 22:30:00,2025-01-22 04:40:00,43,ETH,2025-01-21
2025-01-22 11:45:00,2025-01-22 11:45:00,7,ETH,2025-01-22
2025-01-22 11:45:00,2025-01-25 03:30:00,11,ETH,2025-01-22
2025-01-25 03:35:00,2025-01-25 08:10:00,28,ETH,2025-01-25
2025-01-25 08:10:00,2025-01-25 08:10:00,8,ETH,2025-01-25
2025-01-25 08:10:00,2025-01-25 08:20:00,28,ETH,2025-01-25
2025-01-25 08:20:00,2025-01-25 08:20:00,5,ETH,2025-01-25
2025-02-06 04:25:00,2025-02-06 04:25:00,6,ETH,2025-02-06
2025-02-06 04:30:00,2025-02-06 07:00:00,16,ETH,2025-02-06
2025-02-08 10:05:00,2025-02-08 10:05:00,5,ETH,2025-02-08
2025-02-08 10:05:00,2025-02-08 10:05:00,6,ETH,2025-02-08
2025-02-08 10:05:00,2025-02-08 11:30:00,34,ETH,2025-02-08
2025-02-08 11:30:00,2025-02-09 07:15:00,11,ETH,2025-02-08
2025-02-09 07:15:00,2025-02-09 07:15:00,6,ETH,2025-02-09
2025-02-14 05:35:00,2025-02-14 08:25:00,25,ETH,2025-02-14
2025-02-15 03:10:00,2025-02-15 03:10:00,5,ETH,2025-02-15
2025-02-15 22:05:00,2025-02-16 04:05:00,22,ETH,2025-02-15
2025-02-16 04:55:00,2025-02-16 04:55:00,6,ETH,2025-02-16
2025-02-20 04:25:00,2025-02-20 10:30:00,36,ETH,2025-02-20
2025-02-21 07:05:00,2025-02-23 00:15:00,21,ETH,2025-02-21
2025-02-23 02:40:00,2025-02-26 05:55:00,7,ETH,2025-02-23
2025-02-26 06:00:00,2025-02-26 06:50:00,9,ETH,2025-02-26
2025-03-01 07:10:00,2025-03-01 07:15:00,7,ETH,2025-03-01
2025-03-02 06:20:00,2025-03-02 06:20:00,6,ETH,2025-03-02
2025-03-02 06:20:00,2025-03-02 08:10:00,6,ETH,2025-03-02
2025-03-05 20:55:00,2025-03-05 20:55:00,5,ETH,2025-03-05
2025-03-08 04:40:00,2025-03-08 04:40:00,10,ETH,2025-03-08
2025-03-09 02:45:00,2025-03-09 07:35:00,16,ETH,2025-03-09
2025-03-12 05:35:00,2025-03-12 05:40:00,6,ETH,2025-03-12
2025-03-12 21:00:00,2025-03-12 21:00:00,10,ETH,2025-03-12
2025-03-12 21:05:00,2025-03-13 05:45:00,28,ETH,2025-03-12
2025-03-13 05:45:00,2025-03-13 22:50:00,25,ETH,2025-03-13
2025-03-14 04:15:00,2025-03-14 04:15:00,6,ETH,2025-03-14
2025-03-14 04:15:00,2025-03-14 23:35:00,38,ETH,2025-03-14
2025-03-14 23:40:00,2025-03-14 23:55:00,30,ETH,2025-03-14
2025-03-15 07:25:00,2025-03-15 07:30:00,16,ETH,2025-03-15
2025-03-15 09:50:00,2025-03-15 09:50:00,8,ETH,2025-03-15
2025-03-15 11:35:00,2025-03-15 11:35:00,7,ETH,2025-03-15
2025-03-15 11:35:00,2025-03-15 11:55:00,7,ETH,2025-03-15
2025-03-15 11:55:00,2025-03-15 13:00:00,32,ETH,2025-03-15
2025-03-16 00:00:00,2025-03-16 05:20:00,31,ETH,2025-03-16
2025-03-19 05:55:00,2025-03-19 05:55:00,5,ETH,2025-03-19
2025-03-21 21:35:00,2025-03-21 21:40:00,30,ETH,2025-03-21
2025-03-21 22:10:00,2025-03-21 22:40:00,8,ETH,2025-03-21
2025-03-22 04:05:00,2025-03-22 04:05:00,7,ETH,2025-03-22
2025-03-22 04:05:00,2025-03-22 04:10:00,9,ETH,2025-03-22
2025-03-22 04:10:00,2025-03-22 06:20:00,36,ETH,2025-03-22
2025-03-22 07:55:00,2025-03-22 07:55:00,5,ETH,2025-03-22
2025-03-27 05:35:00,2025-03-27 05:35:00,5,ETH,2025-03-27
2025-03-27 05:55:00,2025-03-27 05:55:00,8,ETH,2025-03-27
2025-03-30 04:55:00,2025-03-30 06:20:00,8,ETH,2025-03-30
2025-03-30 06:20:00,2025-03-30 06:25:00,7,ETH,2025-03-30
2025-03-30 06:25:00,2025-03-30 06:25:00,5,ETH,2025-03-30
2025-03-30 06:25:00,2025-03-30 09:00:00,26,ETH,2025-03-30
2025-04-05 00:55:00,2025-04-05 02:30:00,15,ETH,2025-04-05
2025-04-05 03:10:00,2025-04-05 03:10:00,9,ETH,2025-04-05
2025-04-05 05:00:00,2025-04-05 09:15:00,42,ETH,2025-04-05
2025-04-05 09:15:00,2025-04-10 05:15:00,21,ETH,2025-04-05
2025-04-10 23:25:00,2025-04-10 23:30:00,20,ETH,2025-04-10
2025-04-11 21:05:00,2025-04-11 23:05:00,32,ETH,2025-04-11
2025-04-11 23:05:00,2025-04-11 23:05:00,6,ETH,2025-04-11
2025-04-11 23:05:00,2025-04-11 23:05:00,6,ETH,2025-04-11
2025-04-11 23:05:00,2025-04-12 01:55:00,18,ETH,2025-04-11
2025-04-15 08:55:00,2025-04-15 09:20:00,30,ETH,2025-04-15
2025-04-17 08:55:00,2025-04-18 11:55:00,36,ETH,2025-04-17
2025-04-18 18:30:00,2025-04-18 18:45:00,24,ETH,2025-04-18
2025-04-18 18:45:00,2025-04-18 18:45:00,6,ETH,2025-04-18
2025-04-18 18:45:00,2025-04-18 18:45:00,5,ETH,2025-04-18
2025-04-18 21:15:00,2025-04-18 21:15:00,7,ETH,2025-04-18
2025-04-18 21:15:00,2025-04-18 21:35:00,16,ETH,2025-04-18
2025-04-20 04:40:00,2025-04-24 13:00:00,7,ETH,2025-04-20
2025-04-24 13:35:00,2025-04-24 21:25:00,15,ETH,2025-04-24
2025-04-24 23:30:00,2025-04-26 04:35:00,30,ETH,2025-04-24
2025-04-26 04:40:00,2025-04-26 04:40:00,6,ETH,2025-04-26
2025-04-26 05:10:00,2025-04-26 06:40:00,16,ETH,2025-04-26
2025-04-30 10:50:00,2025-04-30 10:55:00,9,ETH,2025-04-30
2025-04-30 10:55:00,2025-05-01 01:05:00,5,ETH,2025-04-30
2025-05-03 01:30:00,2025-05-03 03:50:00,28,ETH,2025-05-03
2025-05-03 08:05:00,2025-05-12 04:35:00,33,ETH,2025-05-03
2025-05-12 04:35:00,2025-05-12 05:25:00,5,ETH,2025-05-12
2025-05-13 07:15:00,2025-05-13 07:15:00,8,ETH,2025-05-13
2025-05-14 21:05:00,2025-05-16 20:35:00,36,ETH,2025-05-14
2025-05-16 20:35:00,2025-05-16 20:45:00,5,ETH,2025-05-16
2025-05-17 07:10:00,2025-05-17 07:25:00,10,ETH,2025-05-17
2025-05-17 12:55:00,2025-05-18 00:05:00,12,ETH,2025-05-17
2025-05-18 00:10:00,2025-05-18 00:10:00,9,ETH,2025-05-18
2025-05-18 03:25:00,2025-05-18 03:25:00,15,ETH,2025-05-18
2025-05-23 09:40:00,2025-05-23 09:40:00,5,ETH,2025-05-23
2025-05-24 03:10:00,2025-05-24 18:50:00,92,ETH,2025-05-24
2025-05-24 18:50:00,2025-05-24 18:50:00,5,ETH,2025-05-24
2025-05-24 18:50:00,2025-05-24 20:35:00,21,ETH,2025-05-24
2025-05-31 20:15:00,2025-05-31 21:05:00,12,ETH,2025-05-31
2025-05-31 23:00:00,2025-06-01 06:20:00,13,ETH,2025-05-31
2025-06-05 04:45:00,2025-06-05 05:40:00,18,ETH,2025-06-05
2025-06-05 05:40:00,2025-06-06 23:15:00,28,ETH,2025-06-05
2025-06-07 05:45:00,2025-06-07 06:30:00,45,ETH,2025-06-07
2025-06-07 08:20:00,2025-06-13 23:10:00,62,ETH,2025-06-07
2025-06-13 23:10:00,2025-06-14 03:50:00,16,ETH,2025-06-13
2025-06-15 04:40:00,2025-06-15 04:40:00,11,ETH,2025-06-15
2025-06-15 04:45:00,2025-06-15 04:45:00,10,ETH,2025-06-15
2025-06-15 04:50:00,2025-06-19 05:10:00,5,ETH,2025-06-15
2025-06-19 05:10:00,2025-06-19 05:10:00,6,ETH,2025-06-19
2025-06-19 05:25:00,2025-06-19 08:15:00,36,ETH,2025-06-19
2025-06-20 04:25:00,2025-06-20 04:25:00,6,ETH,2025-06-20
2025-06-21 07:10:00,2025-06-21 08:05:00,12,ETH,2025-06-21
2025-06-24 23:10:00,2025-06-24 23:45:00,16,ETH,2025-06-24
2025-06-25 00:00:00,2025-06-25 00:10:00,12,ETH,2025-06-25
2025-06-25 06:55:00,2025-06-26 00:10:00,41,ETH,2025-06-25
2025-06-27 00:50:00,2025-06-27 11:00:00,62,ETH,2025-06-27
2025-06-27 23:25:00,2025-06-28 02:35:00,41,ETH,2025-06-27
2025-06-28 02:35:00,2025-06-28 10:30:00,22,ETH,2025-06-28
2025-06-28 10:30:00,2025-06-28 10:30:00,7,ETH,2025-06-28
2025-06-28 10:30:00,2025-06-28 10:30:00,5,ETH,2025-06-28
2025-07-02 11:00:00,2025-07-02 11:05:00,8,ETH,2025-07-02
2025-07-02 11:10:00,2025-07-03 23:25:00,7,ETH,2025-07-02
2025-07-03 23:35:00,2025-07-03 23:35:00,7,ETH,2025-07-03
2025-07-05 06:25:00,2025-07-05 08:35:00,8,ETH,2025-07-05
2025-07-05 08:40:00,2025-07-12 08:50:00,136,ETH,2025-07-05
2025-07-12 09:25:00,2025-07-12 09:25:00,5,ETH,2025-07-12
2025-07-12 09:40:00,2025-07-16 11:00:00,135,ETH,2025-07-12
2025-07-19 05:10:00,2025-07-19 06:30:00,15,ETH,2025-07-19
2025-07-19 08:15:00,2025-07-19 23:40:00,7,ETH,2025-07-19
2025-07-22 23:35:00,2025-07-22 23:35:00,10,ETH,2025-07-22
2025-07-24 03:05:00,2025-07-24 03:05:00,9,ETH,2025-07-24
2025-07-24 03:05:00,2025-07-26 04:45:00,63,ETH,2025-07-24
2025-07-26 08:20:00,2025-07-26 20:30:00,7,ETH,2025-07-26
2025-07-26 20:30:00,2025-07-26 20:30:00,6,ETH,2025-07-26
2025-07-26 20:30:00,2025-07-26 21:55:00,6,ETH,2025-07-26
2025-07-26 21:55:00,2025-07-30 04:40:00,9,ETH,2025-07-26
2025-07-30 06:30:00,2025-07-31 06:55:00,46,ETH,2025-07-30
2025-07-31 09:45:00,2025-08-02 05:00:00,11,ETH,2025-07-31
2025-08-03 08:10:00,2025-08-03 08:15:00,6,ETH,2025-08-03
2025-08-07 00:10:00,2025-08-07 00:25:00,33,ETH,2025-08-07
2025-08-10 18:05:00,2025-08-10 19:10:00,28,ETH,2025-08-10
2025-08-10 19:15:00,2025-08-16 06:15:00,45,ETH,2025-08-10
2025-08-16 06:15:00,2025-08-16 06:15:00,5,ETH,2025-08-16
2025-08-16 18:20:00,2025-08-17 01:05:00,11,ETH,2025-08-16
2025-08-20 11:20:00,2025-08-22 06:15:00,37,ETH,2025-08-20
2025-08-23 11:00:00,2025-08-23 21:30:00,62,ETH,2025-08-23
2025-08-27 07:05:00,2025-08-27 12:05:00,23,ETH,2025-08-27
2025-08-28 08:00:00,2025-08-28 10:40:00,12,ETH,2025-08-28
2025-08-30 01:30:00,2025-08-30 08:35:00,10,ETH,2025-08-30
2025-08-30 08:35:00,2025-08-30 09:35:00,28,ETH,2025-08-30
2025-08-31 07:00:00,2025-08-31 18:55:00,10,ETH,2025-08-31
2025-09-03 21:40:00,2025-09-03 21:40:00,6,ETH,2025-09-03
2025-09-03 21:45:00,2025-09-03 21:45:00,6,ETH,2025-09-03
2025-09-03 21:45:00,2025-09-03 21:45:00,5,ETH,2025-09-03
2025-09-03 21:50:00,2025-09-03 23:40:00,5,ETH,2025-09-03
2025-09-03 23:40:00,2025-09-03 23:45:00,10,ETH,2025-09-03
2025-09-03 23:45:00,2025-09-04 10:00:00,5,ETH,2025-09-03
2025-09-05 05:10:00,2025-09-06 02:25:00,51,ETH,2025-09-05
2025-09-06 07:15:00,2025-09-06 07:15:00,7,ETH,2025-09-06
2025-09-06 07:45:00,2025-09-06 07:50:00,30,ETH,2025-09-06
2025-09-06 09:10:00,2025-09-07 06:15:00,6,ETH,2025-09-06
2025-09-07 06:15:00,2025-09-07 06:15:00,5,ETH,2025-09-07
2025-09-07 06:20:00,2025-09-07 06:20:00,7,ETH,2025-09-07
2025-09-07 06:20:00,2025-09-07 06:25:00,6,ETH,2025-09-07
2025-09-07 06:25:00,2025-09-07 12:00:00,23,ETH,2025-09-07
2025-09-13 10:00:00,2025-09-13 12:40:00,20,ETH,2025-09-13
2025-09-18 11:50:00,2025-09-18 11:50:00,10,ETH,2025-09-18
2025-09-18 22:15:00,2025-09-20 04:40:00,147,ETH,2025-09-18
2025-09-20 04:55:00,2025-09-20 08:00:00,50,ETH,2025-09-20
2025-09-20 23:20:00,2025-09-21 05:10:00,18,ETH,2025-09-20
2025-09-21 06:00:00,2025-09-21 06:00:00,6,ETH,2025-09-21
2025-09-24 21:15:00,2025-09-27 01:25:00,19,ETH,2025-09-24
2025-09-27 03:30:00,2025-09-27 05:15:00,24,ETH,2025-09-27
2025-09-27 07:40:00,2025-09-27 08:05:00,12,ETH,2025-09-27
2025-09-27 21:10:00,2025-09-27 21:10:00,5,ETH,2025-09-27
2025-09-27 21:45:00,2025-09-27 21:45:00,5,ETH,2025-09-27
2025-09-27 21:45:00,2025-09-27 22:20:00,16,ETH,2025-09-27
2025-09-28 05:25:00,2025-09-28 05:30:00,14,ETH,2025-09-28
2024-10-24 22:45:00,2024-10-24 23:30:00,16,SOL,2024-10-24
2024-10-25 01:15:00,2024-10-26 11:50:00,18,SOL,2024-10-25
2024-10-26 23:40:00,2024-10-26 23:40:00,6,SOL,2024-10-26
2024-10-26 23:40:00,2024-10-27 00:10:00,64,SOL,2024-10-26
2024-10-30 04:45:00,2024-10-30 04:45:00,5,SOL,2024-10-30
2024-10-31 05:10:00,2024-10-31 05:10:00,7,SOL,2024-10-31
2024-10-31 05:10:00,2024-10-31 06:35:00,9,SOL,2024-10-31
2024-11-07 11:55:00,2024-11-08 23:50:00,20,SOL,2024-11-07
2024-11-09 21:15:00,2024-11-09 21:15:00,5,SOL,2024-11-09
2024-11-13 12:35:00,2024-11-14 08:35:00,11,SOL,2024-11-13
2024-11-14 08:35:00,2024-11-14 08:35:00,5,SOL,2024-11-14
2024-11-14 08:45:00,2024-11-14 13:05:00,11,SOL,2024-11-14
2024-11-15 04:20:00,2024-11-15 04:20:00,10,SOL,2024-11-15
2024-11-15 06:20:00,2024-11-15 06:20:00,6,SOL,2024-11-15
2024-11-15 06:20:00,2024-11-15 06:20:00,5,SOL,2024-11-15
2024-11-15 06:20:00,2024-11-15 08:10:00,16,SOL,2024-11-15
2024-11-15 10:30:00,2024-11-16 01:45:00,16,SOL,2024-11-15
2024-11-16 03:25:00,2024-11-16 22:20:00,28,SOL,2024-11-16
2024-11-16 22:20:00,2024-11-16 22:20:00,6,SOL,2024-11-16
2024-11-16 22:50:00,2024-11-20 06:05:00,31,SOL,2024-11-16
2024-11-21 00:45:00,2024-11-21 01:25:00,20,SOL,2024-11-21
2024-11-21 02:00:00,2024-11-21 09:35:00,6,SOL,2024-11-21
2024-11-23 00:00:00,2024-11-23 00:30:00,8,SOL,2024-11-23
2024-11-23 00:30:00,2024-11-23 11:45:00,17,SOL,2024-11-23
2024-11-23 13:55:00,2024-11-23 13:55:00,5,SOL,2024-11-23
2024-11-23 14:00:00,2024-11-24 08:00:00,23,SOL,2024-11-23
2024-11-25 06:50:00,2024-11-25 08:55:00,6,SOL,2024-11-25
2024-11-25 08:55:00,2024-11-25 08:55:00,5,SOL,2024-11-25
2024-11-25 09:10:00,2024-11-28 19:40:00,51,SOL,2024-11-25
2024-11-28 22:40:00,2024-11-28 22:40:00,5,SOL,2024-11-28
2024-11-29 21:05:00,2024-11-29 21:15:00,5,SOL,2024-11-29
2024-11-30 05:35:00,2024-11-30 05:35:00,5,SOL,2024-11-30
2024-11-30 13:55:00,2024-11-30 13:55:00,10,SOL,2024-11-30
2024-11-30 19:45:00,2024-11-30 20:45:00,14,SOL,2024-11-30
2024-11-30 20:45:00,2024-11-30 21:00:00,9,SOL,2024-11-30
2024-11-30 21:00:00,2024-11-30 21:00:00,5,SOL,2024-11-30
2024-12-06 11:45:00,2024-12-06 20:20:00,45,SOL,2024-12-06
2024-12-07 05:15:00,2024-12-07 05:15:00,10,SOL,2024-12-07
2024-12-08 22:25:00,2024-12-08 22:30:00,9,SOL,2024-12-08
2024-12-08 22:30:00,2024-12-08 22:35:00,7,SOL,2024-12-08
2024-12-08 22:35:00,2024-12-08 22:35:00,9,SOL,2024-12-08
2024-12-08 22:40:00,2024-12-08 22:40:00,10,SOL,2024-12-08
2024-12-08 22:40:00,2024-12-08 22:45:00,7,SOL,2024-12-08
2024-12-08 22:45:00,2024-12-08 22:45:00,11,SOL,2024-12-08
2024-12-08 22:45:00,2024-12-08 23:00:00,7,SOL,2024-12-08
2024-12-08 23:00:00,2024-12-08 23:00:00,7,SOL,2024-12-08
2024-12-11 19:35:00,2024-12-11 21:10:00,21,SOL,2024-12-11
2024-12-11 23:50:00,2024-12-11 23:50:00,5,SOL,2024-12-11
2024-12-13 11:25:00,2024-12-13 11:25:00,5,SOL,2024-12-13
2024-12-14 04:30:00,2024-12-14 05:20:00,26,SOL,2024-12-14
2024-12-14 05:20:00,2024-12-14 05:20:00,7,SOL,2024-12-14
2024-12-14 06:05:00,2024-12-14 06:10:00,16,SOL,2024-12-14
2024-12-14 06:10:00,2024-12-14 06:20:00,19,SOL,2024-12-14
2024-12-15 19:20:00,2024-12-15 20:10:00,12,SOL,2024-12-15
2024-12-15 20:55:00,2024-12-21 03:45:00,30,SOL,2024-12-15
2024-12-21 07:30:00,2024-12-23 11:40:00,26,SOL,2024-12-21
2024-12-23 11:50:00,2024-12-23 11:50:00,6,SOL,2024-12-23
2024-12-24 04:25:00,2024-12-24 04:25:00,10,SOL,2024-12-24
2024-12-24 05:25:00,2024-12-24 05:30:00,17,SOL,2024-12-24
2024-12-24 05:30:00,2024-12-24 07:10:00,38,SOL,2024-12-24
2024-12-25 06:20:00,2024-12-25 19:50:00,11,SOL,2024-12-25
2024-12-25 19:50:00,2024-12-25 20:05:00,13,SOL,2024-12-25
2024-12-27 22:05:00,2024-12-27 22:05:00,5,SOL,2024-12-27
2024-12-27 22:10:00,2024-12-28 05:30:00,45,SOL,2024-12-27
2024-12-29 10:35:00,2024-12-29 11:55:00,12,SOL,2024-12-29
2025-01-01 04:10:00,2025-01-03 22:30:00,35,SOL,2025-01-01
2025-01-03 23:10:00,2025-01-04 06:55:00,36,SOL,2025-01-03
2025-01-04 11:55:00,2025-01-05 22:40:00,33,SOL,2025-01-04
2025-01-07 07:35:00,2025-01-10 11:35:00,18,SOL,2025-01-07
2025-01-11 01:45:00,2025-01-11 14:15:00,30,SOL,2025-01-11
2025-01-12 03:00:00,2025-01-12 04:15:00,21,SOL,2025-01-12
2025-01-12 04:15:00,2025-01-12 04:15:00,6,SOL,2025-01-12
2025-01-12 06:30:00,2025-01-16 05:35:00,6,SOL,2025-01-12
2025-01-16 06:30:00,2025-01-16 06:30:00,6,SOL,2025-01-16
2025-01-21 08:10:00,2025-01-21 09:10:00,6,SOL,2025-01-21
2025-01-21 09:10:00,2025-01-21 09:10:00,6,SOL,2025-01-21
2025-01-21 10:30:00,2025-01-21 10:30:00,6,SOL,2025-01-21
2025-01-21 18:30:00,2025-01-22 00:45:00,37,SOL,2025-01-21
2025-01-22 03:20:00,2025-01-22 03:20:00,10,SOL,2025-01-22
2025-01-22 11:45:00,2025-01-23 07:05:00,22,SOL,2025-01-22
2025-01-23 07:05:00,2025-01-24 13:55:00,7,SOL,2025-01-23
2025-01-24 14:05:00,2025-01-24 18:05:00,20,SOL,2025-01-24
2025-01-25 05:10:00,2025-01-25 05:10:00,10,SOL,2025-01-25
2025-01-25 08:10:00,2025-01-25 08:15:00,7,SOL,2025-01-25
2025-01-25 08:20:00,2025-01-26 07:25:00,37,SOL,2025-01-25
2025-01-26 08:30:00,2025-01-26 14:20:00,6,SOL,2025-01-26
2025-01-29 05:30:00,2025-01-29 05:30:00,5,SOL,2025-01-29
2025-01-29 07:55:00,2025-01-29 07:55:00,5,SOL,2025-01-29
2025-01-29 07:55:00,2025-01-29 07:55:00,9,SOL,2025-01-29
2025-01-30 11:00:00,2025-01-31 05:15:00,72,SOL,2025-01-30
2025-01-31 05:15:00,2025-01-31 05:15:00,6,SOL,2025-01-31
2025-01-31 07:50:00,2025-02-01 05:40:00,22,SOL,2025-01-31
2025-02-05 03:40:00,2025-02-05 03:40:00,5,SOL,2025-02-05
2025-02-05 04:55:00,2025-02-05 04:55:00,8,SOL,2025-02-05
2025-02-05 05:00:00,2025-02-05 13:00:00,51,SOL,2025-02-05
2025-02-05 13:00:00,2025-02-06 04:20:00,22,SOL,2025-02-05
2025-02-06 04:25:00,2025-02-06 04:25:00,5,SOL,2025-02-06
2025-02-06 04:25:00,2025-02-06 05:40:00,11,SOL,2025-02-06
2025-02-08 02:10:00,2025-02-08 04:45:00,16,SOL,2025-02-08
2025-02-08 04:55:00,2025-02-08 05:20:00,42,SOL,2025-02-08
2025-02-08 05:20:00,2025-02-08 05:20:00,5,SOL,2025-02-08
2025-02-08 05:20:00,2025-02-08 09:50:00,5,SOL,2025-02-08
2025-02-08 10:05:00,2025-02-08 10:15:00,9,SOL,2025-02-08
2025-02-08 21:40:00,2025-02-08 21:40:00,5,SOL,2025-02-08
2025-02-09 11:40:00,2025-02-09 11:40:00,5,SOL,2025-02-09
2025-02-09 11:40:00,2025-02-13 04:00:00,12,SOL,2025-02-09
2025-02-14 02:45:00,2025-02-14 02:45:00,5,SOL,2025-02-14
2025-02-14 03:50:00,2025-02-14 05:50:00,80,SOL,2025-02-14
2025-02-15 07:00:00,2025-02-15 07:00:00,5,SOL,2025-02-15
2025-02-15 18:35:00,2025-02-15 20:20:00,40,SOL,2025-02-15
2025-02-15 20:25:00,2025-02-15 20:25:00,7,SOL,2025-02-15
2025-02-15 20:25:00,2025-02-15 22:15:00,33,SOL,2025-02-15
2025-02-20 06:10:00,2025-02-20 23:20:00,26,SOL,2025-02-20
2025-02-20 23:20:00,2025-02-20 23:20:00,7,SOL,2025-02-20
2025-02-20 23:35:00,2025-02-21 06:40:00,38,SOL,2025-02-20
2025-02-21 06:40:00,2025-02-22 06:55:00,61,SOL,2025-02-21
2025-02-22 09:55:00,2025-02-22 09:55:00,7,SOL,2025-02-22
2025-02-22 09:55:00,2025-02-22 19:50:00,7,SOL,2025-02-22
2025-02-22 20:05:00,2025-02-22 21:40:00,41,SOL,2025-02-22
2025-02-22 21:40:00,2025-02-22 21:40:00,9,SOL,2025-02-22
2025-02-22 21:40:00,2025-02-22 22:10:00,31,SOL,2025-02-22
2025-02-22 23:05:00,2025-02-23 02:50:00,6,SOL,2025-02-22
2025-02-23 07:10:00,2025-02-23 07:10:00,8,SOL,2025-02-23
2025-02-23 21:55:00,2025-02-23 22:00:00,17,SOL,2025-02-23
2025-02-23 22:00:00,2025-02-27 08:55:00,51,SOL,2025-02-23
2025-03-01 07:25:00,2025-03-01 07:40:00,8,SOL,2025-03-01
2025-03-01 07:40:00,2025-03-01 09:20:00,12,SOL,2025-03-01
2025-03-01 20:15:00,2025-03-01 20:15:00,15,SOL,2025-03-01
2025-03-02 12:05:00,2025-03-02 12:10:00,6,SOL,2025-03-02
2025-03-05 08:20:00,2025-03-08 07:50:00,45,SOL,2025-03-05
2025-03-08 21:55:00,2025-03-08 22:25:00,20,SOL,2025-03-08
2025-03-09 03:55:00,2025-03-13 05:45:00,21,SOL,2025-03-09
2025-03-13 08:10:00,2025-03-13 20:50:00,6,SOL,2025-03-13
2025-03-13 22:55:00,2025-03-13 23:00:00,16,SOL,2025-03-13
2025-03-13 23:00:00,2025-03-14 05:55:00,44,SOL,2025-03-13
2025-03-14 05:55:00,2025-03-14 06:55:00,5,SOL,2025-03-14
2025-03-15 09:55:00,2025-03-15 09:55:00,7,SOL,2025-03-15
2025-03-18 23:05:00,2025-03-18 23:05:00,7,SOL,2025-03-18
2025-03-18 23:05:00,2025-03-19 02:45:00,11,SOL,2025-03-18
2025-03-20 23:35:00,2025-03-22 02:05:00,15,SOL,2025-03-20
2025-03-22 03:45:00,2025-03-22 03:45:00,5,SOL,2025-03-22
2025-03-22 18:20:00,2025-03-22 18:20:00,10,SOL,2025-03-22
2025-03-27 05:55:00,2025-03-27 21:35:00,19,SOL,2025-03-27
2025-03-28 20:05:00,2025-03-29 00:20:00,20,SOL,2025-03-28
2025-03-29 13:55:00,2025-03-29 13:55:00,5,SOL,2025-03-29
2025-03-30 06:20:00,2025-04-01 05:20:00,13,SOL,2025-03-30
2025-04-05 04:55:00,2025-04-05 06:50:00,14,SOL,2025-04-05
2025-04-05 09:15:00,2025-04-05 09:15:00,10,SOL,2025-04-05
2025-04-05 18:50:00,2025-04-05 19:00:00,5,SOL,2025-04-05
2025-04-05 19:00:00,2025-04-05 19:05:00,7,SOL,2025-04-05
2025-04-05 19:05:00,2025-04-05 19:25:00,7,SOL,2025-04-05
2025-04-06 05:35:00,2025-04-06 05:35:00,6,SOL,2025-04-06
2025-04-10 03:10:00,2025-04-10 22:20:00,38,SOL,2025-04-10
2025-04-11 23:15:00,2025-04-11 23:30:00,25,SOL,2025-04-11
2025-04-14 23:15:00,2025-04-14 23:15:00,5,SOL,2025-04-14
2025-04-15 05:20:00,2025-04-15 05:25:00,5,SOL,2025-04-15
2025-04-15 21:35:00,2025-04-16 04:20:00,11,SOL,2025-04-15
2025-04-18 00:50:00,2025-04-18 07:05:00,32,SOL,2025-04-18
2025-04-18 07:05:00,2025-04-18 12:50:00,56,SOL,2025-04-18
2025-04-18 17:35:00,2025-04-18 21:45:00,43,SOL,2025-04-18
2025-04-18 23:05:00,2025-04-19 20:45:00,32,SOL,2025-04-18
2025-04-26 00:55:00,2025-04-26 04:30:00,5,SOL,2025-04-26
2025-04-26 04:30:00,2025-04-26 04:30:00,5,SOL,2025-04-26
2025-04-26 04:30:00,2025-04-26 04:40:00,25,SOL,2025-04-26
2025-04-26 05:00:00,2025-04-26 06:15:00,52,SOL,2025-04-26
2025-04-26 06:30:00,2025-04-26 06:30:00,6,SOL,2025-04-26
2025-04-26 06:30:00,2025-04-26 06:30:00,5,SOL,2025-04-26
2025-04-26 06:30:00,2025-04-26 06:35:00,16,SOL,2025-04-26
2025-04-26 06:35:00,2025-04-30 09:10:00,114,SOL,2025-04-26
2025-04-30 09:35:00,2025-04-30 09:35:00,6,SOL,2025-04-30
2025-04-30 09:35:00,2025-04-30 10:55:00,7,SOL,2025-04-30
2025-04-30 10:55:00,2025-04-30 11:20:00,10,SOL,2025-04-30
2025-05-01 04:30:00,2025-05-01 04:30:00,10,SOL,2025-05-01
2025-05-02 00:05:00,2025-05-02 05:15:00,5,SOL,2025-05-02
2025-05-02 10:10:00,2025-05-02 10:15:00,11,SOL,2025-05-02
2025-05-02 11:15:00,2025-05-03 05:05:00,78,SOL,2025-05-02
2025-05-03 05:30:00,2025-05-03 05:30:00,20,SOL,2025-05-03
2025-05-03 09:35:00,2025-05-03 09:55:00,7,SOL,2025-05-03
2025-05-07 10:30:00,2025-05-17 11:20:00,96,SOL,2025-05-07
2025-05-21 11:45:00,2025-05-21 12:20:00,9,SOL,2025-05-21
2025-05-21 12:30:00,2025-05-22 22:15:00,37,SOL,2025-05-21
2025-05-24 10:35:00,2025-05-25 13:00:00,112,SOL,2025-05-24
2025-05-25 19:55:00,2025-05-25 20:00:00,9,SOL,2025-05-25
2025-05-25 20:00:00,2025-05-27 10:35:00,8,SOL,2025-05-25
2025-05-28 06:05:00,2025-05-28 06:15:00,7,SOL,2025-05-28
2025-05-28 11:50:00,2025-05-28 12:00:00,13,SOL,2025-05-28
2025-05-28 12:00:00,2025-05-28 12:00:00,6,SOL,2025-05-28
2025-05-28 12:00:00,2025-05-29 10:30:00,10,SOL,2025-05-28
2025-05-29 10:30:00,2025-05-31 23:00:00,21,SOL,2025-05-29
2025-06-04 08:20:00,2025-06-05 10:00:00,75,SOL,2025-06-04
2025-06-06 09:05:00,2025-06-06 09:05:00,5,SOL,2025-06-06
2025-06-06 22:45:00,2025-06-06 23:10:00,5,SOL,2025-06-06
2025-06-06 23:10:00,2025-06-07 12:45:00,109,SOL,2025-06-06
2025-06-07 21:35:00,2025-06-08 04:15:00,23,SOL,2025-06-07
2025-06-08 04:35:00,2025-06-08 04:40:00,20,SOL,2025-06-08
2025-06-12 07:30:00,2025-06-12 10:25:00,17,SOL,2025-06-12
2025-06-12 11:20:00,2025-06-13 23:05:00,6,SOL,2025-06-12
2025-06-13 23:25:00,2025-06-13 23:45:00,22,SOL,2025-06-13
2025-06-14 01:55:00,2025-06-14 02:40:00,12,SOL,2025-06-14
2025-06-14 02:40:00,2025-06-14 02:40:00,5,SOL,2025-06-14
2025-06-14 02:45:00,2025-06-14 02:45:00,9,SOL,2025-06-14
2025-06-14 02:45:00,2025-06-14 07:10:00,27,SOL,2025-06-14
2025-06-14 07:10:00,2025-06-14 07:10:00,5,SOL,2025-06-14
2025-06-14 07:10:00,2025-06-14 07:20:00,6,SOL,2025-06-14
2025-06-14 07:20:00,2025-06-14 07:20:00,9,SOL,2025-06-14
2025-06-15 04:35:00,2025-06-15 04:40:00,6,SOL,2025-06-15
2025-06-18 06:45:00,2025-06-19 08:30:00,23,SOL,2025-06-18
2025-06-20 04:20:00,2025-06-20 04:20:00,5,SOL,2025-06-20
2025-06-20 04:20:00,2025-06-20 04:25:00,7,SOL,2025-06-20
2025-06-21 04:50:00,2025-06-24 21:50:00,45,SOL,2025-06-21
2025-06-24 23:45:00,2025-06-24 23:45:00,10,SOL,2025-06-24
2025-06-24 23:55:00,2025-06-25 04:00:00,42,SOL,2025-06-24
2025-06-25 04:00:00,2025-06-25 22:30:00,56,SOL,2025-06-25
2025-06-25 22:35:00,2025-06-25 22:45:00,6,SOL,2025-06-25
2025-06-27 05:15:00,2025-06-27 12:25:00,60,SOL,2025-06-27
2025-06-27 23:25:00,2025-06-27 23:30:00,14,SOL,2025-06-27
2025-06-27 23:30:00,2025-06-28 01:25:00,74,SOL,2025-06-27
2025-06-29 06:15:00,2025-07-02 11:55:00,27,SOL,2025-06-29
2025-07-02 11:55:00,2025-07-05 08:25:00,69,SOL,2025-07-02
2025-07-05 08:30:00,2025-07-05 08:30:00,7,SOL,2025-07-05
2025-07-05 08:35:00,2025-07-05 08:35:00,5,SOL,2025-07-05
2025-07-05 08:35:00,2025-07-05 08:35:00,5,SOL,2025-07-05
2025-07-05 08:35:00,2025-07-05 08:40:00,10,SOL,2025-07-05
2025-07-05 08:40:00,2025-07-05 08:40:00,7,SOL,2025-07-05
2025-07-05 08:50:00,2025-07-05 08:50:00,7,SOL,2025-07-05
2025-07-05 08:50:00,2025-07-05 08:50:00,9,SOL,2025-07-05
2025-07-05 09:20:00,2025-07-05 09:20:00,20,SOL,2025-07-05
2025-07-05 11:20:00,2025-07-05 11:40:00,60,SOL,2025-07-05
2025-07-05 12:25:00,2025-07-05 12:25:00,8,SOL,2025-07-05
2025-07-05 15:50:00,2025-07-05 20:50:00,8,SOL,2025-07-05
2025-07-05 22:45:00,2025-07-05 22:45:00,7,SOL,2025-07-05
2025-07-05 22:45:00,2025-07-09 10:40:00,130,SOL,2025-07-05
2025-07-13 07:35:00,2025-07-13 07:40:00,6,SOL,2025-07-13
2025-07-13 07:40:00,2025-07-13 11:05:00,7,SOL,2025-07-13
2025-07-19 03:35:00,2025-07-19 05:10:00,16,SOL,2025-07-19
2025-07-19 05:10:00,2025-07-20 06:25:00,83,SOL,2025-07-19
2025-07-20 07:30:00,2025-07-24 03:30:00,6,SOL,2025-07-20
2025-07-25 22:40:00,2025-07-26 05:30:00,169,SOL,2025-07-25
2025-07-26 19:55:00,2025-07-31 02:45:00,102,SOL,2025-07-26
2025-07-31 03:55:00,2025-07-31 03:55:00,5,SOL,2025-07-31
2025-07-31 04:50:00,2025-07-31 05:10:00,14,SOL,2025-07-31
2025-07-31 05:10:00,2025-07-31 10:00:00,39,SOL,2025-07-31
2025-08-02 04:20:00,2025-08-02 04:40:00,6,SOL,2025-08-02
2025-08-03 07:30:00,2025-08-03 07:30:00,8,SOL,2025-08-03
2025-08-03 07:35:00,2025-08-03 10:15:00,32,SOL,2025-08-03
2025-08-03 10:50:00,2025-08-03 10:50:00,11,SOL,2025-08-03
2025-08-03 10:50:00,2025-08-07 01:30:00,36,SOL,2025-08-03
2025-08-09 03:50:00,2025-08-09 04:05:00,20,SOL,2025-08-09
2025-08-10 19:35:00,2025-08-12 02:40:00,60,SOL,2025-08-10
2025-08-12 03:25:00,2025-08-12 03:25:00,5,SOL,2025-08-12
2025-08-12 04:40:00,2025-08-15 03:35:00,16,SOL,2025-08-12
2025-08-15 22:05:00,2025-08-16 22:55:00,107,SOL,2025-08-15
2025-08-16 22:55:00,2025-08-16 22:55:00,6,SOL,2025-08-16
2025-08-16 22:55:00,2025-08-17 00:35:00,10,SOL,2025-08-16
2025-08-17 00:35:00,2025-08-21 23:25:00,65,SOL,2025-08-17
2025-08-21 23:35:00,2025-08-22 08:20:00,45,SOL,2025-08-21
2025-08-23 18:35:00,2025-08-23 18:35:00,8,SOL,2025-08-23
2025-08-23 19:05:00,2025-08-23 19:05:00,8,SOL,2025-08-23
2025-08-23 20:15:00,2025-08-23 21:50:00,23,SOL,2025-08-23
2025-08-23 23:15:00,2025-08-30 05:00:00,27,SOL,2025-08-23
2025-08-30 05:00:00,2025-08-30 05:05:00,9,SOL,2025-08-30
2025-08-30 05:05:00,2025-08-30 05:05:00,5,SOL,2025-08-30
2025-08-30 20:15:00,2025-08-30 20:20:00,12,SOL,2025-08-30
2025-08-30 20:20:00,2025-08-30 20:35:00,10,SOL,2025-08-30
2025-08-31 08:20:00,2025-08-31 08:20:00,9,SOL,2025-08-31
2025-08-31 08:20:00,2025-09-03 11:15:00,39,SOL,2025-08-31
2025-09-03 11:15:00,2025-09-03 11:40:00,18,SOL,2025-09-03
2025-09-03 21:10:00,2025-09-03 21:20:00,6,SOL,2025-09-03
2025-09-03 21:20:00,2025-09-03 21:20:00,8,SOL,2025-09-03
2025-09-03 21:20:00,2025-09-03 21:40:00,41,SOL,2025-09-03
2025-09-03 23:00:00,2025-09-06 01:50:00,27,SOL,2025-09-03
2025-09-06 05:25:00,2025-09-06 05:25:00,5,SOL,2025-09-06
2025-09-06 05:25:00,2025-09-06 05:30:00,7,SOL,2025-09-06
2025-09-06 05:30:00,2025-09-06 05:30:00,6,SOL,2025-09-06
2025-09-06 05:45:00,2025-09-06 08:55:00,125,SOL,2025-09-06
2025-09-07 06:30:00,2025-09-07 06:40:00,55,SOL,2025-09-07
2025-09-07 11:45:00,2025-09-11 00:25:00,38,SOL,2025-09-07
2025-09-11 00:30:00,2025-09-17 12:30:00,103,SOL,2025-09-11
2025-09-17 12:35:00,2025-09-20 00:20:00,93,SOL,2025-09-17
2025-09-20 00:20:00,2025-09-20 00:20:00,6,SOL,2025-09-20
2025-09-20 00:20:00,2025-09-20 04:40:00,52,SOL,2025-09-20
2025-09-20 05:20:00,2025-09-20 08:00:00,70,SOL,2025-09-20
2025-09-20 21:45:00,2025-09-27 01:25:00,23,SOL,2025-09-20
2025-09-27 06:10:00,2025-09-27 06:10:00,5,SOL,2025-09-27
2025-09-27 06:10:00,2025-09-27 19:50:00,40,SOL,2025-09-27
2025-09-27 21:45:00,2025-09-27 21:50:00,10,SOL,2025-09-27
2025-09-27 21:55:00,2025-09-28 04:55:00,22,SOL,2025-09-27
